,file_path,file_template,sample,experiment,wavelength,flags,beta
0,cofe/low_t/1050/225_0.dat,femtik_standard,cofe,low_t,1050,,225.0
1,cofe/low_t/1050/315_0.dat,femtik_standard,cofe,low_t,1050,,315.0
2,cofe/low_t/1050/090_0.dat,femtik_standard,cofe,low_t,1050,,90.0
3,cofe/low_t/1050/045_0.dat,femtik_standard,cofe,low_t,1050,,45.0
4,cofe/low_t/1050/135_0.dat,femtik_standard,cofe,low_t,1050,,135.0
5,cofe/low_t/1050/180_0.dat,femtik_standard,cofe,low_t,1050,,180.0
6,cofe/low_t/1050/270_0.dat,femtik_standard,cofe,low_t,1050,,270.0
7,cofe/low_t/1050/000_0.dat,femtik_standard,cofe,low_t,1050,,0.0
8,cofe/low_t/0810/225_0.dat,femtik_standard,cofe,low_t,810,,225.0
9,cofe/low_t/0810/315_0.dat,femtik_standard,cofe,low_t,810,,315.0
10,cofe/low_t/0810/090_0.dat,femtik_standard,cofe,low_t,810,,90.0
11,cofe/low_t/0810/045_0.dat,femtik_standard,cofe,low_t,810,,45.0
12,cofe/low_t/0810/135_0.dat,femtik_standard,cofe,low_t,810,,135.0
13,cofe/low_t/0810/180_0.dat,femtik_standard,cofe,low_t,810,,180.0
14,cofe/low_t/0810/270_0.dat,femtik_standard,cofe,low_t,810,,270.0
15,cofe/low_t/0810/000_0.dat,femtik_standard,cofe,low_t,810,,0.0
16,cofe/low_t/0710/225_0.dat,femtik_standard,cofe,low_t,710,,225.0
17,cofe/low_t/0710/315_0.dat,femtik_standard,cofe,low_t,710,,315.0
18,cofe/low_t/0710/090_0.dat,femtik_standard,cofe,low_t,710,,90.0
19,cofe/low_t/0710/045_0.dat,femtik_standard,cofe,low_t,710,,45.0
20,cofe/low_t/0710/135_0.dat,femtik_standard,cofe,low_t,710,,135.0
21,cofe/low_t/0710/180_0.dat,femtik_standard,cofe,low_t,710,,180.0
22,cofe/low_t/0710/270_0.dat,femtik_standard,cofe,low_t,710,,270.0
23,cofe/low_t/0710/000_0.dat,femtik_standard,cofe,low_t,710,,0.0
24,cofe/low_t/0460/225_0.dat,femtik_standard,cofe,low_t,460,,225.0
25,cofe/low_t/0460/315_0.dat,femtik_standard,cofe,low_t,460,,315.0
26,cofe/low_t/0460/090_0.dat,femtik_standard,cofe,low_t,460,,90.0
27,cofe/low_t/0460/045_0.dat,femtik_standard,cofe,low_t,460,,45.0
28,cofe/low_t/0460/135_0.dat,femtik_standard,cofe,low_t,460,,135.0
29,cofe/low_t/0460/180_0.dat,femtik_standard,cofe,low_t,460,,180.0
30,cofe/low_t/0460/270_0.dat,femtik_standard,cofe,low_t,460,,270.0
31,cofe/low_t/0460/000_0.dat,femtik_standard,cofe,low_t,460,,0.0
32,cofe/low_t/1450/225_0.dat,femtik_standard,cofe,low_t,1450,,225.0
33,cofe/low_t/1450/315_0.dat,femtik_standard,cofe,low_t,1450,,315.0
34,cofe/low_t/1450/090_0.dat,femtik_standard,cofe,low_t,1450,,90.0
35,cofe/low_t/1450/045_0.dat,femtik_standard,cofe,low_t,1450,,45.0
36,cofe/low_t/1450/135_0.dat,femtik_standard,cofe,low_t,1450,,135.0
37,cofe/low_t/1450/180_0.dat,femtik_standard,cofe,low_t,1450,,180.0
38,cofe/low_t/1450/270_0.dat,femtik_standard,cofe,low_t,1450,,270.0
39,cofe/low_t/1450/000_0.dat,femtik_standard,cofe,low_t,1450,,0.0
40,cofe/low_t/1200/225_0.dat,femtik_standard,cofe,low_t,1200,,225.0
41,cofe/low_t/1200/315_0.dat,femtik_standard,cofe,low_t,1200,,315.0
42,cofe/low_t/1200/090_0.dat,femtik_standard,cofe,low_t,1200,,90.0
43,cofe/low_t/1200/045_0.dat,femtik_standard,cofe,low_t,1200,,45.0
44,cofe/low_t/1200/135_0.dat,femtik_standard,cofe,low_t,1200,,135.0
45,cofe/low_t/1200/180_0.dat,femtik_standard,cofe,low_t,1200,,180.0
46,cofe/low_t/1200/270_0.dat,femtik_standard,cofe,low_t,1200,,270.0
47,cofe/low_t/1200/000_0.dat,femtik_standard,cofe,low_t,1200,,0.0
48,cofe/low_t/0620/225_0.dat,femtik_standard,cofe,low_t,620,,225.0
49,cofe/low_t/0620/315_0.dat,femtik_standard,cofe,low_t,620,,315.0
50,cofe/low_t/0620/090_0.dat,femtik_standard,cofe,low_t,620,,90.0
51,cofe/low_t/0620/045_0.dat,femtik_standard,cofe,low_t,620,,45.0
52,cofe/low_t/0620/135_0.dat,femtik_standard,cofe,low_t,620,,135.0
53,cofe/low_t/0620/180_0.dat,femtik_standard,cofe,low_t,620,,180.0
54,cofe/low_t/0620/270_0.dat,femtik_standard,cofe,low_t,620,,270.0
55,cofe/low_t/0620/000_0.dat,femtik_standard,cofe,low_t,620,,0.0
56,cofe/low_t/0530/225_0.dat,femtik_standard,cofe,low_t,530,,225.0
57,cofe/low_t/0530/315_0.dat,femtik_standard,cofe,low_t,530,,315.0
58,cofe/low_t/0530/090_0.dat,femtik_standard,cofe,low_t,530,,90.0
59,cofe/low_t/0530/045_0.dat,femtik_standard,cofe,low_t,530,,45.0
60,cofe/low_t/0530/135_0.dat,femtik_standard,cofe,low_t,530,,135.0
61,cofe/low_t/0530/180_0.dat,femtik_standard,cofe,low_t,530,,180.0
62,cofe/low_t/0530/270_0.dat,femtik_standard,cofe,low_t,530,,270.0
63,cofe/low_t/0530/000_0.dat,femtik_standard,cofe,low_t,530,,0.0
64,cofe/low_t/0920/225_0.dat,femtik_standard,cofe,low_t,920,,225.0
65,cofe/low_t/0920/315_0.dat,femtik_standard,cofe,low_t,920,,315.0
66,cofe/low_t/0920/090_0.dat,femtik_standard,cofe,low_t,920,,90.0
67,cofe/low_t/0920/045_0.dat,femtik_standard,cofe,low_t,920,,45.0
68,cofe/low_t/0920/135_0.dat,femtik_standard,cofe,low_t,920,,135.0
69,cofe/low_t/0920/180_0.dat,femtik_standard,cofe,low_t,920,,180.0
70,cofe/low_t/0920/270_0.dat,femtik_standard,cofe,low_t,920,,270.0
71,cofe/low_t/0920/000_0.dat,femtik_standard,cofe,low_t,920,,0.0
72,cofe/room_t/1050/225_0.dat,femtik_standard,cofe,room_t,1050,,225.0
73,cofe/room_t/1050/315_0.dat,femtik_standard,cofe,room_t,1050,,315.0
74,cofe/room_t/1050/090_0.dat,femtik_standard,cofe,room_t,1050,,90.0
75,cofe/room_t/1050/045_0.dat,femtik_standard,cofe,room_t,1050,,45.0
76,cofe/room_t/1050/135_0.dat,femtik_standard,cofe,room_t,1050,,135.0
77,cofe/room_t/1050/180_0.dat,femtik_standard,cofe,room_t,1050,,180.0
78,cofe/room_t/1050/270_0.dat,femtik_standard,cofe,room_t,1050,,270.0
79,cofe/room_t/1050/000_0.dat,femtik_standard,cofe,room_t,1050,,0.0
80,cofe/room_t/0810/225_0.dat,femtik_standard,cofe,room_t,810,,225.0
81,cofe/room_t/0810/315_0.dat,femtik_standard,cofe,room_t,810,,315.0
82,cofe/room_t/0810/090_0.dat,femtik_standard,cofe,room_t,810,,90.0
83,cofe/room_t/0810/045_0.dat,femtik_standard,cofe,room_t,810,,45.0
84,cofe/room_t/0810/135_0.dat,femtik_standard,cofe,room_t,810,,135.0
85,cofe/room_t/0810/180_0.dat,femtik_standard,cofe,room_t,810,,180.0
86,cofe/room_t/0810/270_0.dat,femtik_standard,cofe,room_t,810,,270.0
87,cofe/room_t/0810/000_0.dat,femtik_standard,cofe,room_t,810,,0.0
88,cofe/room_t/0710/225_0.dat,femtik_standard,cofe,room_t,710,,225.0
89,cofe/room_t/0710/315_0.dat,femtik_standard,cofe,room_t,710,,315.0
90,cofe/room_t/0710/090_0.dat,femtik_standard,cofe,room_t,710,,90.0
91,cofe/room_t/0710/045_0.dat,femtik_standard,cofe,room_t,710,,45.0
92,cofe/room_t/0710/135_0.dat,femtik_standard,cofe,room_t,710,,135.0
93,cofe/room_t/0710/180_0.dat,femtik_standard,cofe,room_t,710,,180.0
94,cofe/room_t/0710/270_0.dat,femtik_standard,cofe,room_t,710,,270.0
95,cofe/room_t/0710/000_0.dat,femtik_standard,cofe,room_t,710,,0.0
96,cofe/room_t/0460/225_0.dat,femtik_standard,cofe,room_t,460,,225.0
97,cofe/room_t/0460/315_0.dat,femtik_standard,cofe,room_t,460,,315.0
98,cofe/room_t/0460/090_0.dat,femtik_standard,cofe,room_t,460,,90.0
99,cofe/room_t/0460/045_0.dat,femtik_standard,cofe,room_t,460,,45.0
100,cofe/room_t/0460/135_0.dat,femtik_standard,cofe,room_t,460,,135.0
101,cofe/room_t/0460/180_0.dat,femtik_standard,cofe,room_t,460,,180.0
102,cofe/room_t/0460/270_0.dat,femtik_standard,cofe,room_t,460,,270.0
103,cofe/room_t/0460/000_0.dat,femtik_standard,cofe,room_t,460,,0.0
104,cofe/room_t/1450/225_0.dat,femtik_standard,cofe,room_t,1450,,225.0
105,cofe/room_t/1450/315_0.dat,femtik_standard,cofe,room_t,1450,,315.0
106,cofe/room_t/1450/090_0.dat,femtik_standard,cofe,room_t,1450,,90.0
107,cofe/room_t/1450/045_0.dat,femtik_standard,cofe,room_t,1450,,45.0
108,cofe/room_t/1450/135_0.dat,femtik_standard,cofe,room_t,1450,,135.0
109,cofe/room_t/1450/180_0.dat,femtik_standard,cofe,room_t,1450,,180.0
110,cofe/room_t/1450/270_0.dat,femtik_standard,cofe,room_t,1450,,270.0
111,cofe/room_t/1450/000_0.dat,femtik_standard,cofe,room_t,1450,,0.0
112,cofe/room_t/1200/225_0.dat,femtik_standard,cofe,room_t,1200,,225.0
113,cofe/room_t/1200/315_0.dat,femtik_standard,cofe,room_t,1200,,315.0
114,cofe/room_t/1200/090_0.dat,femtik_standard,cofe,room_t,1200,,90.0
115,cofe/room_t/1200/045_0.dat,femtik_standard,cofe,room_t,1200,,45.0
116,cofe/room_t/1200/135_0.dat,femtik_standard,cofe,room_t,1200,,135.0
117,cofe/room_t/1200/180_0.dat,femtik_standard,cofe,room_t,1200,,180.0
118,cofe/room_t/1200/270_0.dat,femtik_standard,cofe,room_t,1200,,270.0
119,cofe/room_t/1200/000_0.dat,femtik_standard,cofe,room_t,1200,,0.0
120,cofe/room_t/0620/225_0.dat,femtik_standard,cofe,room_t,620,,225.0
121,cofe/room_t/0620/315_0.dat,femtik_standard,cofe,room_t,620,,315.0
122,cofe/room_t/0620/090_0.dat,femtik_standard,cofe,room_t,620,,90.0
123,cofe/room_t/0620/045_0.dat,femtik_standard,cofe,room_t,620,,45.0
124,cofe/room_t/0620/135_0.dat,femtik_standard,cofe,room_t,620,,135.0
125,cofe/room_t/0620/180_0.dat,femtik_standard,cofe,room_t,620,,180.0
126,cofe/room_t/0620/270_0.dat,femtik_standard,cofe,room_t,620,,270.0
127,cofe/room_t/0620/000_0.dat,femtik_standard,cofe,room_t,620,,0.0
128,cofe/room_t/0530/225_0.dat,femtik_standard,cofe,room_t,530,,225.0
129,cofe/room_t/0530/315_0.dat,femtik_standard,cofe,room_t,530,,315.0
130,cofe/room_t/0530/090_0.dat,femtik_standard,cofe,room_t,530,,90.0
131,cofe/room_t/0530/045_0.dat,femtik_standard,cofe,room_t,530,,45.0
132,cofe/room_t/0530/135_0.dat,femtik_standard,cofe,room_t,530,,135.0
133,cofe/room_t/0530/180_0.dat,femtik_standard,cofe,room_t,530,,180.0
134,cofe/room_t/0530/270_0.dat,femtik_standard,cofe,room_t,530,,270.0
135,cofe/room_t/0530/000_0.dat,femtik_standard,cofe,room_t,530,,0.0
136,cofe/room_t/0920/225_0.dat,femtik_standard,cofe,room_t,920,,225.0
137,cofe/room_t/0920/315_0.dat,femtik_standard,cofe,room_t,920,,315.0
138,cofe/room_t/0920/090_0.dat,femtik_standard,cofe,room_t,920,,90.0
139,cofe/room_t/0920/045_0.dat,femtik_standard,cofe,room_t,920,,45.0
140,cofe/room_t/0920/135_0.dat,femtik_standard,cofe,room_t,920,,135.0
141,cofe/room_t/0920/180_0.dat,femtik_standard,cofe,room_t,920,,180.0
142,cofe/room_t/0920/270_0.dat,femtik_standard,cofe,room_t,920,,270.0
143,cofe/room_t/0920/000_0.dat,femtik_standard,cofe,room_t,920,,0.0
144,cofe/room_t_mirrors/1050/150_0.dat,femtik_standard,cofe,room_t_mirrors,1050,,150.0
145,cofe/room_t_mirrors/1050/070_0.dat,femtik_standard,cofe,room_t_mirrors,1050,,70.0
146,cofe/room_t_mirrors/1050/010_0.dat,femtik_standard,cofe,room_t_mirrors,1050,,10.0
147,cofe/room_t_mirrors/1050/050_0.dat,femtik_standard,cofe,room_t_mirrors,1050,,50.0
148,cofe/room_t_mirrors/1050/090_0.dat,femtik_standard,cofe,room_t_mirrors,1050,,90.0
149,cofe/room_t_mirrors/1050/140_0.dat,femtik_standard,cofe,room_t_mirrors,1050,,140.0
150,cofe/room_t_mirrors/1050/080_0.dat,femtik_standard,cofe,room_t_mirrors,1050,,80.0
151,cofe/room_t_mirrors/1050/170_0.dat,femtik_standard,cofe,room_t_mirrors,1050,,170.0
152,cofe/room_t_mirrors/1050/060_0.dat,femtik_standard,cofe,room_t_mirrors,1050,,60.0
153,cofe/room_t_mirrors/1050/160_0.dat,femtik_standard,cofe,room_t_mirrors,1050,,160.0
154,cofe/room_t_mirrors/1050/120_0.dat,femtik_standard,cofe,room_t_mirrors,1050,,120.0
155,cofe/room_t_mirrors/1050/100_0.dat,femtik_standard,cofe,room_t_mirrors,1050,,100.0
156,cofe/room_t_mirrors/1050/020_0.dat,femtik_standard,cofe,room_t_mirrors,1050,,20.0
157,cofe/room_t_mirrors/1050/030_0.dat,femtik_standard,cofe,room_t_mirrors,1050,,30.0
158,cofe/room_t_mirrors/1050/040_0.dat,femtik_standard,cofe,room_t_mirrors,1050,,40.0
159,cofe/room_t_mirrors/1050/180_0.dat,femtik_standard,cofe,room_t_mirrors,1050,,180.0
160,cofe/room_t_mirrors/1050/130_0.dat,femtik_standard,cofe,room_t_mirrors,1050,,130.0
161,cofe/room_t_mirrors/1050/000_0.dat,femtik_standard,cofe,room_t_mirrors,1050,,0.0
162,cofe/room_t_mirrors/1050/110_0.dat,femtik_standard,cofe,room_t_mirrors,1050,,110.0
163,cofe/room_t_mirrors/1450/150_0.dat,femtik_standard,cofe,room_t_mirrors,1450,,150.0
164,cofe/room_t_mirrors/1450/070_0.dat,femtik_standard,cofe,room_t_mirrors,1450,,70.0
165,cofe/room_t_mirrors/1450/010_0.dat,femtik_standard,cofe,room_t_mirrors,1450,,10.0
166,cofe/room_t_mirrors/1450/050_0.dat,femtik_standard,cofe,room_t_mirrors,1450,,50.0
167,cofe/room_t_mirrors/1450/090_0.dat,femtik_standard,cofe,room_t_mirrors,1450,,90.0
168,cofe/room_t_mirrors/1450/140_0.dat,femtik_standard,cofe,room_t_mirrors,1450,,140.0
169,cofe/room_t_mirrors/1450/080_0.dat,femtik_standard,cofe,room_t_mirrors,1450,,80.0
170,cofe/room_t_mirrors/1450/170_0.dat,femtik_standard,cofe,room_t_mirrors,1450,,170.0
171,cofe/room_t_mirrors/1450/060_0.dat,femtik_standard,cofe,room_t_mirrors,1450,,60.0
172,cofe/room_t_mirrors/1450/160_0.dat,femtik_standard,cofe,room_t_mirrors,1450,,160.0
173,cofe/room_t_mirrors/1450/120_0.dat,femtik_standard,cofe,room_t_mirrors,1450,,120.0
174,cofe/room_t_mirrors/1450/100_0.dat,femtik_standard,cofe,room_t_mirrors,1450,,100.0
175,cofe/room_t_mirrors/1450/020_0.dat,femtik_standard,cofe,room_t_mirrors,1450,,20.0
176,cofe/room_t_mirrors/1450/030_0.dat,femtik_standard,cofe,room_t_mirrors,1450,,30.0
177,cofe/room_t_mirrors/1450/040_0.dat,femtik_standard,cofe,room_t_mirrors,1450,,40.0
178,cofe/room_t_mirrors/1450/180_0.dat,femtik_standard,cofe,room_t_mirrors,1450,,180.0
179,cofe/room_t_mirrors/1450/130_0.dat,femtik_standard,cofe,room_t_mirrors,1450,,130.0
180,cofe/room_t_mirrors/1450/000_0.dat,femtik_standard,cofe,room_t_mirrors,1450,,0.0
181,cofe/room_t_mirrors/1450/110_0.dat,femtik_standard,cofe,room_t_mirrors,1450,,110.0
182,cofe/room_t_mirrors/1200/150_0.dat,femtik_standard,cofe,room_t_mirrors,1200,,150.0
183,cofe/room_t_mirrors/1200/070_0.dat,femtik_standard,cofe,room_t_mirrors,1200,,70.0
184,cofe/room_t_mirrors/1200/010_0.dat,femtik_standard,cofe,room_t_mirrors,1200,,10.0
185,cofe/room_t_mirrors/1200/050_0.dat,femtik_standard,cofe,room_t_mirrors,1200,,50.0
186,cofe/room_t_mirrors/1200/090_0.dat,femtik_standard,cofe,room_t_mirrors,1200,,90.0
187,cofe/room_t_mirrors/1200/140_0.dat,femtik_standard,cofe,room_t_mirrors,1200,,140.0
188,cofe/room_t_mirrors/1200/080_0.dat,femtik_standard,cofe,room_t_mirrors,1200,,80.0
189,cofe/room_t_mirrors/1200/170_0.dat,femtik_standard,cofe,room_t_mirrors,1200,,170.0
190,cofe/room_t_mirrors/1200/060_0.dat,femtik_standard,cofe,room_t_mirrors,1200,,60.0
191,cofe/room_t_mirrors/1200/160_0.dat,femtik_standard,cofe,room_t_mirrors,1200,,160.0
192,cofe/room_t_mirrors/1200/120_0.dat,femtik_standard,cofe,room_t_mirrors,1200,,120.0
193,cofe/room_t_mirrors/1200/100_0.dat,femtik_standard,cofe,room_t_mirrors,1200,,100.0
194,cofe/room_t_mirrors/1200/020_0.dat,femtik_standard,cofe,room_t_mirrors,1200,,20.0
195,cofe/room_t_mirrors/1200/030_0.dat,femtik_standard,cofe,room_t_mirrors,1200,,30.0
196,cofe/room_t_mirrors/1200/040_0.dat,femtik_standard,cofe,room_t_mirrors,1200,,40.0
197,cofe/room_t_mirrors/1200/180_0.dat,femtik_standard,cofe,room_t_mirrors,1200,,180.0
198,cofe/room_t_mirrors/1200/130_0.dat,femtik_standard,cofe,room_t_mirrors,1200,,130.0
199,cofe/room_t_mirrors/1200/000_0.dat,femtik_standard,cofe,room_t_mirrors,1200,,0.0
200,cofe/room_t_mirrors/1200/110_0.dat,femtik_standard,cofe,room_t_mirrors,1200,,110.0
201,cofe/room_t_mirrors/0620/150_0.dat,femtik_standard,cofe,room_t_mirrors,620,,150.0
202,cofe/room_t_mirrors/0620/070_0.dat,femtik_standard,cofe,room_t_mirrors,620,,70.0
203,cofe/room_t_mirrors/0620/010_0.dat,femtik_standard,cofe,room_t_mirrors,620,,10.0
204,cofe/room_t_mirrors/0620/050_0.dat,femtik_standard,cofe,room_t_mirrors,620,,50.0
205,cofe/room_t_mirrors/0620/090_0.dat,femtik_standard,cofe,room_t_mirrors,620,,90.0
206,cofe/room_t_mirrors/0620/140_0.dat,femtik_standard,cofe,room_t_mirrors,620,,140.0
207,cofe/room_t_mirrors/0620/080_0.dat,femtik_standard,cofe,room_t_mirrors,620,,80.0
208,cofe/room_t_mirrors/0620/170_0.dat,femtik_standard,cofe,room_t_mirrors,620,,170.0
209,cofe/room_t_mirrors/0620/060_0.dat,femtik_standard,cofe,room_t_mirrors,620,,60.0
210,cofe/room_t_mirrors/0620/160_0.dat,femtik_standard,cofe,room_t_mirrors,620,,160.0
211,cofe/room_t_mirrors/0620/120_0.dat,femtik_standard,cofe,room_t_mirrors,620,,120.0
212,cofe/room_t_mirrors/0620/100_0.dat,femtik_standard,cofe,room_t_mirrors,620,,100.0
213,cofe/room_t_mirrors/0620/020_0.dat,femtik_standard,cofe,room_t_mirrors,620,,20.0
214,cofe/room_t_mirrors/0620/030_0.dat,femtik_standard,cofe,room_t_mirrors,620,,30.0
215,cofe/room_t_mirrors/0620/040_0.dat,femtik_standard,cofe,room_t_mirrors,620,,40.0
216,cofe/room_t_mirrors/0620/180_0.dat,femtik_standard,cofe,room_t_mirrors,620,,180.0
217,cofe/room_t_mirrors/0620/130_0.dat,femtik_standard,cofe,room_t_mirrors,620,,130.0
218,cofe/room_t_mirrors/0620/000_0.dat,femtik_standard,cofe,room_t_mirrors,620,,0.0
219,cofe/room_t_mirrors/0620/110_0.dat,femtik_standard,cofe,room_t_mirrors,620,,110.0
220,cofe/room_t_mirrors/0405/150_0.dat,femtik_standard,cofe,room_t_mirrors,405,,150.0
221,cofe/room_t_mirrors/0405/070_0.dat,femtik_standard,cofe,room_t_mirrors,405,,70.0
222,cofe/room_t_mirrors/0405/010_0.dat,femtik_standard,cofe,room_t_mirrors,405,,10.0
223,cofe/room_t_mirrors/0405/050_0.dat,femtik_standard,cofe,room_t_mirrors,405,,50.0
224,cofe/room_t_mirrors/0405/090_0.dat,femtik_standard,cofe,room_t_mirrors,405,,90.0
225,cofe/room_t_mirrors/0405/140_0.dat,femtik_standard,cofe,room_t_mirrors,405,,140.0
226,cofe/room_t_mirrors/0405/080_0.dat,femtik_standard,cofe,room_t_mirrors,405,,80.0
227,cofe/room_t_mirrors/0405/170_0.dat,femtik_standard,cofe,room_t_mirrors,405,,170.0
228,cofe/room_t_mirrors/0405/060_0.dat,femtik_standard,cofe,room_t_mirrors,405,,60.0
229,cofe/room_t_mirrors/0405/160_0.dat,femtik_standard,cofe,room_t_mirrors,405,,160.0
230,cofe/room_t_mirrors/0405/120_0.dat,femtik_standard,cofe,room_t_mirrors,405,,120.0
231,cofe/room_t_mirrors/0405/100_0.dat,femtik_standard,cofe,room_t_mirrors,405,,100.0
232,cofe/room_t_mirrors/0405/020_0.dat,femtik_standard,cofe,room_t_mirrors,405,,20.0
233,cofe/room_t_mirrors/0405/030_0.dat,femtik_standard,cofe,room_t_mirrors,405,,30.0
234,cofe/room_t_mirrors/0405/040_0.dat,femtik_standard,cofe,room_t_mirrors,405,,40.0
235,cofe/room_t_mirrors/0405/180_0.dat,femtik_standard,cofe,room_t_mirrors,405,,180.0
236,cofe/room_t_mirrors/0405/130_0.dat,femtik_standard,cofe,room_t_mirrors,405,,130.0
237,cofe/room_t_mirrors/0405/000_0.dat,femtik_standard,cofe,room_t_mirrors,405,,0.0
238,cofe/room_t_mirrors/0405/110_0.dat,femtik_standard,cofe,room_t_mirrors,405,,110.0
239,cofe/room_t_mirrors/0530/150_0.dat,femtik_standard,cofe,room_t_mirrors,530,,150.0
240,cofe/room_t_mirrors/0530/070_0.dat,femtik_standard,cofe,room_t_mirrors,530,,70.0
241,cofe/room_t_mirrors/0530/010_0.dat,femtik_standard,cofe,room_t_mirrors,530,,10.0
242,cofe/room_t_mirrors/0530/050_0.dat,femtik_standard,cofe,room_t_mirrors,530,,50.0
243,cofe/room_t_mirrors/0530/090_0.dat,femtik_standard,cofe,room_t_mirrors,530,,90.0
244,cofe/room_t_mirrors/0530/140_0.dat,femtik_standard,cofe,room_t_mirrors,530,,140.0
245,cofe/room_t_mirrors/0530/080_0.dat,femtik_standard,cofe,room_t_mirrors,530,,80.0
246,cofe/room_t_mirrors/0530/170_0.dat,femtik_standard,cofe,room_t_mirrors,530,,170.0
247,cofe/room_t_mirrors/0530/060_0.dat,femtik_standard,cofe,room_t_mirrors,530,,60.0
248,cofe/room_t_mirrors/0530/160_0.dat,femtik_standard,cofe,room_t_mirrors,530,,160.0
249,cofe/room_t_mirrors/0530/120_0.dat,femtik_standard,cofe,room_t_mirrors,530,,120.0
250,cofe/room_t_mirrors/0530/100_0.dat,femtik_standard,cofe,room_t_mirrors,530,,100.0
251,cofe/room_t_mirrors/0530/020_0.dat,femtik_standard,cofe,room_t_mirrors,530,,20.0
252,cofe/room_t_mirrors/0530/030_0.dat,femtik_standard,cofe,room_t_mirrors,530,,30.0
253,cofe/room_t_mirrors/0530/040_0.dat,femtik_standard,cofe,room_t_mirrors,530,,40.0
254,cofe/room_t_mirrors/0530/180_0.dat,femtik_standard,cofe,room_t_mirrors,530,,180.0
255,cofe/room_t_mirrors/0530/130_0.dat,femtik_standard,cofe,room_t_mirrors,530,,130.0
256,cofe/room_t_mirrors/0530/000_0.dat,femtik_standard,cofe,room_t_mirrors,530,,0.0
257,cofe/room_t_mirrors/0530/110_0.dat,femtik_standard,cofe,room_t_mirrors,530,,110.0
258,cofe/bridge_tests/1050_x1/360_0.dat,femtik_standard,cofe,bridge_tests,1050,x1,360.0
259,cofe/bridge_tests/1050_x1/225_0.dat,femtik_standard,cofe,bridge_tests,1050,x1,225.0
260,cofe/bridge_tests/1050_x1/315_0.dat,femtik_standard,cofe,bridge_tests,1050,x1,315.0
261,cofe/bridge_tests/1050_x1/090_0.dat,femtik_standard,cofe,bridge_tests,1050,x1,90.0
262,cofe/bridge_tests/1050_x1/045_0.dat,femtik_standard,cofe,bridge_tests,1050,x1,45.0
263,cofe/bridge_tests/1050_x1/135_0.dat,femtik_standard,cofe,bridge_tests,1050,x1,135.0
264,cofe/bridge_tests/1050_x1/180_0.dat,femtik_standard,cofe,bridge_tests,1050,x1,180.0
265,cofe/bridge_tests/1050_x1/270_0.dat,femtik_standard,cofe,bridge_tests,1050,x1,270.0
266,cofe/bridge_tests/1050_x1/000_0.dat,femtik_standard,cofe,bridge_tests,1050,x1,0.0
267,cofe/bridge_tests/1050_x3/360_0.dat,femtik_standard,cofe,bridge_tests,1050,x3,360.0
268,cofe/bridge_tests/1050_x3/225_0.dat,femtik_standard,cofe,bridge_tests,1050,x3,225.0
269,cofe/bridge_tests/1050_x3/315_0.dat,femtik_standard,cofe,bridge_tests,1050,x3,315.0
270,cofe/bridge_tests/1050_x3/090_0.dat,femtik_standard,cofe,bridge_tests,1050,x3,90.0
271,cofe/bridge_tests/1050_x3/045_0.dat,femtik_standard,cofe,bridge_tests,1050,x3,45.0
272,cofe/bridge_tests/1050_x3/135_0.dat,femtik_standard,cofe,bridge_tests,1050,x3,135.0
273,cofe/bridge_tests/1050_x3/180_0.dat,femtik_standard,cofe,bridge_tests,1050,x3,180.0
274,cofe/bridge_tests/1050_x3/270_0.dat,femtik_standard,cofe,bridge_tests,1050,x3,270.0
275,cofe/bridge_tests/1050_x3/000_0.dat,femtik_standard,cofe,bridge_tests,1050,x3,0.0
276,cofe/bridge_tests/1050_x6/360_0.dat,femtik_standard,cofe,bridge_tests,1050,x6,360.0
277,cofe/bridge_tests/1050_x6/225_0.dat,femtik_standard,cofe,bridge_tests,1050,x6,225.0
278,cofe/bridge_tests/1050_x6/315_0.dat,femtik_standard,cofe,bridge_tests,1050,x6,315.0
279,cofe/bridge_tests/1050_x6/090_0.dat,femtik_standard,cofe,bridge_tests,1050,x6,90.0
280,cofe/bridge_tests/1050_x6/045_0.dat,femtik_standard,cofe,bridge_tests,1050,x6,45.0
281,cofe/bridge_tests/1050_x6/135_0.dat,femtik_standard,cofe,bridge_tests,1050,x6,135.0
282,cofe/bridge_tests/1050_x6/180_0.dat,femtik_standard,cofe,bridge_tests,1050,x6,180.0
283,cofe/bridge_tests/1050_x6/270_0.dat,femtik_standard,cofe,bridge_tests,1050,x6,270.0
284,cofe/bridge_tests/1050_x6/000_0.dat,femtik_standard,cofe,bridge_tests,1050,x6,0.0
285,cofe/bridge_tests/1050_x2/360_0.dat,femtik_standard,cofe,bridge_tests,1050,x2,360.0
286,cofe/bridge_tests/1050_x2/225_0.dat,femtik_standard,cofe,bridge_tests,1050,x2,225.0
287,cofe/bridge_tests/1050_x2/315_0.dat,femtik_standard,cofe,bridge_tests,1050,x2,315.0
288,cofe/bridge_tests/1050_x2/090_0.dat,femtik_standard,cofe,bridge_tests,1050,x2,90.0
289,cofe/bridge_tests/1050_x2/045_0.dat,femtik_standard,cofe,bridge_tests,1050,x2,45.0
290,cofe/bridge_tests/1050_x2/135_0.dat,femtik_standard,cofe,bridge_tests,1050,x2,135.0
291,cofe/bridge_tests/1050_x2/180_0.dat,femtik_standard,cofe,bridge_tests,1050,x2,180.0
292,cofe/bridge_tests/1050_x2/270_0.dat,femtik_standard,cofe,bridge_tests,1050,x2,270.0
293,cofe/bridge_tests/1050_x2/000_0.dat,femtik_standard,cofe,bridge_tests,1050,x2,0.0
294,cofe/bridge_tests/1050_x0/360_0.dat,femtik_standard,cofe,bridge_tests,1050,x0,360.0
295,cofe/bridge_tests/1050_x0/260_0.dat,femtik_standard,cofe,bridge_tests,1050,x0,260.0
296,cofe/bridge_tests/1050_x0/150_0.dat,femtik_standard,cofe,bridge_tests,1050,x0,150.0
297,cofe/bridge_tests/1050_x0/070_0.dat,femtik_standard,cofe,bridge_tests,1050,x0,70.0
298,cofe/bridge_tests/1050_x0/010_0.dat,femtik_standard,cofe,bridge_tests,1050,x0,10.0
299,cofe/bridge_tests/1050_x0/200_0.dat,femtik_standard,cofe,bridge_tests,1050,x0,200.0
300,cofe/bridge_tests/1050_x0/050_0.dat,femtik_standard,cofe,bridge_tests,1050,x0,50.0
301,cofe/bridge_tests/1050_x0/090_0.dat,femtik_standard,cofe,bridge_tests,1050,x0,90.0
302,cofe/bridge_tests/1050_x0/140_0.dat,femtik_standard,cofe,bridge_tests,1050,x0,140.0
303,cofe/bridge_tests/1050_x0/080_0.dat,femtik_standard,cofe,bridge_tests,1050,x0,80.0
304,cofe/bridge_tests/1050_x0/300_0.dat,femtik_standard,cofe,bridge_tests,1050,x0,300.0
305,cofe/bridge_tests/1050_x0/190_0.dat,femtik_standard,cofe,bridge_tests,1050,x0,190.0
306,cofe/bridge_tests/1050_x0/170_0.dat,femtik_standard,cofe,bridge_tests,1050,x0,170.0
307,cofe/bridge_tests/1050_x0/210_0.dat,femtik_standard,cofe,bridge_tests,1050,x0,210.0
308,cofe/bridge_tests/1050_x0/240_0.dat,femtik_standard,cofe,bridge_tests,1050,x0,240.0
309,cofe/bridge_tests/1050_x0/060_0.dat,femtik_standard,cofe,bridge_tests,1050,x0,60.0
310,cofe/bridge_tests/1050_x0/160_0.dat,femtik_standard,cofe,bridge_tests,1050,x0,160.0
311,cofe/bridge_tests/1050_x0/120_0.dat,femtik_standard,cofe,bridge_tests,1050,x0,120.0
312,cofe/bridge_tests/1050_x0/100_0.dat,femtik_standard,cofe,bridge_tests,1050,x0,100.0
313,cofe/bridge_tests/1050_x0/020_0.dat,femtik_standard,cofe,bridge_tests,1050,x0,20.0
314,cofe/bridge_tests/1050_x0/030_0.dat,femtik_standard,cofe,bridge_tests,1050,x0,30.0
315,cofe/bridge_tests/1050_x0/290_0.dat,femtik_standard,cofe,bridge_tests,1050,x0,290.0
316,cofe/bridge_tests/1050_x0/230_0.dat,femtik_standard,cofe,bridge_tests,1050,x0,230.0
317,cofe/bridge_tests/1050_x0/040_0.dat,femtik_standard,cofe,bridge_tests,1050,x0,40.0
318,cofe/bridge_tests/1050_x0/310_0.dat,femtik_standard,cofe,bridge_tests,1050,x0,310.0
319,cofe/bridge_tests/1050_x0/180_0.dat,femtik_standard,cofe,bridge_tests,1050,x0,180.0
320,cofe/bridge_tests/1050_x0/270_0.dat,femtik_standard,cofe,bridge_tests,1050,x0,270.0
321,cofe/bridge_tests/1050_x0/350_0.dat,femtik_standard,cofe,bridge_tests,1050,x0,350.0
322,cofe/bridge_tests/1050_x0/220_0.dat,femtik_standard,cofe,bridge_tests,1050,x0,220.0
323,cofe/bridge_tests/1050_x0/330_0.dat,femtik_standard,cofe,bridge_tests,1050,x0,330.0
324,cofe/bridge_tests/1050_x0/130_0.dat,femtik_standard,cofe,bridge_tests,1050,x0,130.0
325,cofe/bridge_tests/1050_x0/000_0.dat,femtik_standard,cofe,bridge_tests,1050,x0,0.0
326,cofe/bridge_tests/1050_x0/340_0.dat,femtik_standard,cofe,bridge_tests,1050,x0,340.0
327,cofe/bridge_tests/1050_x0/110_0.dat,femtik_standard,cofe,bridge_tests,1050,x0,110.0
328,cofe/bridge_tests/1050_x0/280_0.dat,femtik_standard,cofe,bridge_tests,1050,x0,280.0
329,cofe/bridge_tests/1050_x0/320_0.dat,femtik_standard,cofe,bridge_tests,1050,x0,320.0
330,cofe/bridge_tests/1050_x0/250_0.dat,femtik_standard,cofe,bridge_tests,1050,x0,250.0
331,cofe/bridge_tests/1050_x9/360_0.dat,femtik_standard,cofe,bridge_tests,1050,x9,360.0
332,cofe/bridge_tests/1050_x9/225_0.dat,femtik_standard,cofe,bridge_tests,1050,x9,225.0
333,cofe/bridge_tests/1050_x9/315_0.dat,femtik_standard,cofe,bridge_tests,1050,x9,315.0
334,cofe/bridge_tests/1050_x9/090_0.dat,femtik_standard,cofe,bridge_tests,1050,x9,90.0
335,cofe/bridge_tests/1050_x9/045_0.dat,femtik_standard,cofe,bridge_tests,1050,x9,45.0
336,cofe/bridge_tests/1050_x9/135_0.dat,femtik_standard,cofe,bridge_tests,1050,x9,135.0
337,cofe/bridge_tests/1050_x9/180_0.dat,femtik_standard,cofe,bridge_tests,1050,x9,180.0
338,cofe/bridge_tests/1050_x9/270_0.dat,femtik_standard,cofe,bridge_tests,1050,x9,270.0
339,cofe/bridge_tests/1050_x9/000_0.dat,femtik_standard,cofe,bridge_tests,1050,x9,0.0
340,cofe/bridge_tests/1050_x5/360_0.dat,femtik_standard,cofe,bridge_tests,1050,x5,360.0
341,cofe/bridge_tests/1050_x5/225_0.dat,femtik_standard,cofe,bridge_tests,1050,x5,225.0
342,cofe/bridge_tests/1050_x5/315_0.dat,femtik_standard,cofe,bridge_tests,1050,x5,315.0
343,cofe/bridge_tests/1050_x5/090_0.dat,femtik_standard,cofe,bridge_tests,1050,x5,90.0
344,cofe/bridge_tests/1050_x5/045_0.dat,femtik_standard,cofe,bridge_tests,1050,x5,45.0
345,cofe/bridge_tests/1050_x5/135_0.dat,femtik_standard,cofe,bridge_tests,1050,x5,135.0
346,cofe/bridge_tests/1050_x5/180_0.dat,femtik_standard,cofe,bridge_tests,1050,x5,180.0
347,cofe/bridge_tests/1050_x5/270_0.dat,femtik_standard,cofe,bridge_tests,1050,x5,270.0
348,cofe/bridge_tests/1050_x5/000_0.dat,femtik_standard,cofe,bridge_tests,1050,x5,0.0
349,cofe/bridge_tests/1050_x4/360_0.dat,femtik_standard,cofe,bridge_tests,1050,x4,360.0
350,cofe/bridge_tests/1050_x4/225_0.dat,femtik_standard,cofe,bridge_tests,1050,x4,225.0
351,cofe/bridge_tests/1050_x4/315_0.dat,femtik_standard,cofe,bridge_tests,1050,x4,315.0
352,cofe/bridge_tests/1050_x4/090_0.dat,femtik_standard,cofe,bridge_tests,1050,x4,90.0
353,cofe/bridge_tests/1050_x4/045_0.dat,femtik_standard,cofe,bridge_tests,1050,x4,45.0
354,cofe/bridge_tests/1050_x4/135_0.dat,femtik_standard,cofe,bridge_tests,1050,x4,135.0
355,cofe/bridge_tests/1050_x4/180_0.dat,femtik_standard,cofe,bridge_tests,1050,x4,180.0
356,cofe/bridge_tests/1050_x4/270_0.dat,femtik_standard,cofe,bridge_tests,1050,x4,270.0
357,cofe/bridge_tests/1050_x4/000_0.dat,femtik_standard,cofe,bridge_tests,1050,x4,0.0
358,cofe/bridge_tests/1050_x7/360_0.dat,femtik_standard,cofe,bridge_tests,1050,x7,360.0
359,cofe/bridge_tests/1050_x7/225_0.dat,femtik_standard,cofe,bridge_tests,1050,x7,225.0
360,cofe/bridge_tests/1050_x7/315_0.dat,femtik_standard,cofe,bridge_tests,1050,x7,315.0
361,cofe/bridge_tests/1050_x7/090_0.dat,femtik_standard,cofe,bridge_tests,1050,x7,90.0
362,cofe/bridge_tests/1050_x7/045_0.dat,femtik_standard,cofe,bridge_tests,1050,x7,45.0
363,cofe/bridge_tests/1050_x7/135_0.dat,femtik_standard,cofe,bridge_tests,1050,x7,135.0
364,cofe/bridge_tests/1050_x7/180_0.dat,femtik_standard,cofe,bridge_tests,1050,x7,180.0
365,cofe/bridge_tests/1050_x7/270_0.dat,femtik_standard,cofe,bridge_tests,1050,x7,270.0
366,cofe/bridge_tests/1050_x7/000_0.dat,femtik_standard,cofe,bridge_tests,1050,x7,0.0
367,cofe/bridge_tests/1050_x8/360_0.dat,femtik_standard,cofe,bridge_tests,1050,x8,360.0
368,cofe/bridge_tests/1050_x8/225_0.dat,femtik_standard,cofe,bridge_tests,1050,x8,225.0
369,cofe/bridge_tests/1050_x8/315_0.dat,femtik_standard,cofe,bridge_tests,1050,x8,315.0
370,cofe/bridge_tests/1050_x8/090_0.dat,femtik_standard,cofe,bridge_tests,1050,x8,90.0
371,cofe/bridge_tests/1050_x8/045_0.dat,femtik_standard,cofe,bridge_tests,1050,x8,45.0
372,cofe/bridge_tests/1050_x8/135_0.dat,femtik_standard,cofe,bridge_tests,1050,x8,135.0
373,cofe/bridge_tests/1050_x8/180_0.dat,femtik_standard,cofe,bridge_tests,1050,x8,180.0
374,cofe/bridge_tests/1050_x8/270_0.dat,femtik_standard,cofe,bridge_tests,1050,x8,270.0
375,cofe/bridge_tests/1050_x8/000_0.dat,femtik_standard,cofe,bridge_tests,1050,x8,0.0
376,ferh/fm_vlad/1050/225_0.dat,femtik_standard,ferh,fm_vlad,1050,,225.0
377,ferh/fm_vlad/1050/315_0.dat,femtik_standard,ferh,fm_vlad,1050,,315.0
378,ferh/fm_vlad/1050/090_0.dat,femtik_standard,ferh,fm_vlad,1050,,90.0
379,ferh/fm_vlad/1050/045_0.dat,femtik_standard,ferh,fm_vlad,1050,,45.0
380,ferh/fm_vlad/1050/135_0.dat,femtik_standard,ferh,fm_vlad,1050,,135.0
381,ferh/fm_vlad/1050/180_0.dat,femtik_standard,ferh,fm_vlad,1050,,180.0
382,ferh/fm_vlad/1050/270_0.dat,femtik_standard,ferh,fm_vlad,1050,,270.0
383,ferh/fm_vlad/1050/000_0.dat,femtik_standard,ferh,fm_vlad,1050,,0.0
384,ferh/fm_vlad/0810/225_0.dat,femtik_standard,ferh,fm_vlad,810,,225.0
385,ferh/fm_vlad/0810/315_0.dat,femtik_standard,ferh,fm_vlad,810,,315.0
386,ferh/fm_vlad/0810/090_0.dat,femtik_standard,ferh,fm_vlad,810,,90.0
387,ferh/fm_vlad/0810/045_0.dat,femtik_standard,ferh,fm_vlad,810,,45.0
388,ferh/fm_vlad/0810/135_0.dat,femtik_standard,ferh,fm_vlad,810,,135.0
389,ferh/fm_vlad/0810/180_0.dat,femtik_standard,ferh,fm_vlad,810,,180.0
390,ferh/fm_vlad/0810/270_0.dat,femtik_standard,ferh,fm_vlad,810,,270.0
391,ferh/fm_vlad/0810/000_0.dat,femtik_standard,ferh,fm_vlad,810,,0.0
392,ferh/fm_vlad/0710/225_0.dat,femtik_standard,ferh,fm_vlad,710,,225.0
393,ferh/fm_vlad/0710/315_0.dat,femtik_standard,ferh,fm_vlad,710,,315.0
394,ferh/fm_vlad/0710/090_0.dat,femtik_standard,ferh,fm_vlad,710,,90.0
395,ferh/fm_vlad/0710/045_0.dat,femtik_standard,ferh,fm_vlad,710,,45.0
396,ferh/fm_vlad/0710/135_0.dat,femtik_standard,ferh,fm_vlad,710,,135.0
397,ferh/fm_vlad/0710/180_0.dat,femtik_standard,ferh,fm_vlad,710,,180.0
398,ferh/fm_vlad/0710/270_0.dat,femtik_standard,ferh,fm_vlad,710,,270.0
399,ferh/fm_vlad/0710/000_0.dat,femtik_standard,ferh,fm_vlad,710,,0.0
400,ferh/fm_vlad/1400/225_0.dat,femtik_standard,ferh,fm_vlad,1400,,225.0
401,ferh/fm_vlad/1400/315_0.dat,femtik_standard,ferh,fm_vlad,1400,,315.0
402,ferh/fm_vlad/1400/090_0.dat,femtik_standard,ferh,fm_vlad,1400,,90.0
403,ferh/fm_vlad/1400/045_0.dat,femtik_standard,ferh,fm_vlad,1400,,45.0
404,ferh/fm_vlad/1400/135_0.dat,femtik_standard,ferh,fm_vlad,1400,,135.0
405,ferh/fm_vlad/1400/180_0.dat,femtik_standard,ferh,fm_vlad,1400,,180.0
406,ferh/fm_vlad/1400/270_0.dat,femtik_standard,ferh,fm_vlad,1400,,270.0
407,ferh/fm_vlad/1400/000_0.dat,femtik_standard,ferh,fm_vlad,1400,,0.0
408,ferh/fm_vlad/0460/225_0.dat,femtik_standard,ferh,fm_vlad,460,,225.0
409,ferh/fm_vlad/0460/315_0.dat,femtik_standard,ferh,fm_vlad,460,,315.0
410,ferh/fm_vlad/0460/090_0.dat,femtik_standard,ferh,fm_vlad,460,,90.0
411,ferh/fm_vlad/0460/045_0.dat,femtik_standard,ferh,fm_vlad,460,,45.0
412,ferh/fm_vlad/0460/135_0.dat,femtik_standard,ferh,fm_vlad,460,,135.0
413,ferh/fm_vlad/0460/180_0.dat,femtik_standard,ferh,fm_vlad,460,,180.0
414,ferh/fm_vlad/0460/270_0.dat,femtik_standard,ferh,fm_vlad,460,,270.0
415,ferh/fm_vlad/0460/000_0.dat,femtik_standard,ferh,fm_vlad,460,,0.0
416,ferh/fm_vlad/1200/225_0.dat,femtik_standard,ferh,fm_vlad,1200,,225.0
417,ferh/fm_vlad/1200/315_0.dat,femtik_standard,ferh,fm_vlad,1200,,315.0
418,ferh/fm_vlad/1200/090_0.dat,femtik_standard,ferh,fm_vlad,1200,,90.0
419,ferh/fm_vlad/1200/045_0.dat,femtik_standard,ferh,fm_vlad,1200,,45.0
420,ferh/fm_vlad/1200/135_0.dat,femtik_standard,ferh,fm_vlad,1200,,135.0
421,ferh/fm_vlad/1200/180_0.dat,femtik_standard,ferh,fm_vlad,1200,,180.0
422,ferh/fm_vlad/1200/270_0.dat,femtik_standard,ferh,fm_vlad,1200,,270.0
423,ferh/fm_vlad/1200/000_0.dat,femtik_standard,ferh,fm_vlad,1200,,0.0
424,ferh/fm_vlad/0620/225_0.dat,femtik_standard,ferh,fm_vlad,620,,225.0
425,ferh/fm_vlad/0620/315_0.dat,femtik_standard,ferh,fm_vlad,620,,315.0
426,ferh/fm_vlad/0620/090_0.dat,femtik_standard,ferh,fm_vlad,620,,90.0
427,ferh/fm_vlad/0620/045_0.dat,femtik_standard,ferh,fm_vlad,620,,45.0
428,ferh/fm_vlad/0620/135_0.dat,femtik_standard,ferh,fm_vlad,620,,135.0
429,ferh/fm_vlad/0620/180_0.dat,femtik_standard,ferh,fm_vlad,620,,180.0
430,ferh/fm_vlad/0620/270_0.dat,femtik_standard,ferh,fm_vlad,620,,270.0
431,ferh/fm_vlad/0620/000_0.dat,femtik_standard,ferh,fm_vlad,620,,0.0
432,ferh/fm_vlad/1600/225_0.dat,femtik_standard,ferh,fm_vlad,1600,,225.0
433,ferh/fm_vlad/1600/315_0.dat,femtik_standard,ferh,fm_vlad,1600,,315.0
434,ferh/fm_vlad/1600/090_0.dat,femtik_standard,ferh,fm_vlad,1600,,90.0
435,ferh/fm_vlad/1600/045_0.dat,femtik_standard,ferh,fm_vlad,1600,,45.0
436,ferh/fm_vlad/1600/135_0.dat,femtik_standard,ferh,fm_vlad,1600,,135.0
437,ferh/fm_vlad/1600/180_0.dat,femtik_standard,ferh,fm_vlad,1600,,180.0
438,ferh/fm_vlad/1600/270_0.dat,femtik_standard,ferh,fm_vlad,1600,,270.0
439,ferh/fm_vlad/1600/000_0.dat,femtik_standard,ferh,fm_vlad,1600,,0.0
440,ferh/fm_vlad/0530/225_0.dat,femtik_standard,ferh,fm_vlad,530,,225.0
441,ferh/fm_vlad/0530/315_0.dat,femtik_standard,ferh,fm_vlad,530,,315.0
442,ferh/fm_vlad/0530/090_0.dat,femtik_standard,ferh,fm_vlad,530,,90.0
443,ferh/fm_vlad/0530/045_0.dat,femtik_standard,ferh,fm_vlad,530,,45.0
444,ferh/fm_vlad/0530/135_0.dat,femtik_standard,ferh,fm_vlad,530,,135.0
445,ferh/fm_vlad/0530/180_0.dat,femtik_standard,ferh,fm_vlad,530,,180.0
446,ferh/fm_vlad/0530/270_0.dat,femtik_standard,ferh,fm_vlad,530,,270.0
447,ferh/fm_vlad/0530/000_0.dat,femtik_standard,ferh,fm_vlad,530,,0.0
448,ferh/fm_vlad/0920/225_0.dat,femtik_standard,ferh,fm_vlad,920,,225.0
449,ferh/fm_vlad/0920/315_0.dat,femtik_standard,ferh,fm_vlad,920,,315.0
450,ferh/fm_vlad/0920/090_0.dat,femtik_standard,ferh,fm_vlad,920,,90.0
451,ferh/fm_vlad/0920/045_0.dat,femtik_standard,ferh,fm_vlad,920,,45.0
452,ferh/fm_vlad/0920/135_0.dat,femtik_standard,ferh,fm_vlad,920,,135.0
453,ferh/fm_vlad/0920/180_0.dat,femtik_standard,ferh,fm_vlad,920,,180.0
454,ferh/fm_vlad/0920/270_0.dat,femtik_standard,ferh,fm_vlad,920,,270.0
455,ferh/fm_vlad/0920/000_0.dat,femtik_standard,ferh,fm_vlad,920,,0.0
456,ferh/fm_zeynab/0620_L/022_5.dat,femtik_standard,ferh,fm_zeynab,620,L,22.5
457,ferh/fm_zeynab/0620_L/225_0.dat,femtik_standard,ferh,fm_zeynab,620,L,225.0
458,ferh/fm_zeynab/0620_L/315_0.dat,femtik_standard,ferh,fm_zeynab,620,L,315.0
459,ferh/fm_zeynab/0620_L/247_5.dat,femtik_standard,ferh,fm_zeynab,620,L,247.5
460,ferh/fm_zeynab/0620_L/090_0.dat,femtik_standard,ferh,fm_zeynab,620,L,90.0
461,ferh/fm_zeynab/0620_L/045_0.dat,femtik_standard,ferh,fm_zeynab,620,L,45.0
462,ferh/fm_zeynab/0620_L/067_5.dat,femtik_standard,ferh,fm_zeynab,620,L,67.5
463,ferh/fm_zeynab/0620_L/135_0.dat,femtik_standard,ferh,fm_zeynab,620,L,135.0
464,ferh/fm_zeynab/0620_L/157_5.dat,femtik_standard,ferh,fm_zeynab,620,L,157.5
465,ferh/fm_zeynab/0620_L/112_5.dat,femtik_standard,ferh,fm_zeynab,620,L,112.5
466,ferh/fm_zeynab/0620_L/292_5.dat,femtik_standard,ferh,fm_zeynab,620,L,292.5
467,ferh/fm_zeynab/0620_L/202_5.dat,femtik_standard,ferh,fm_zeynab,620,L,202.5
468,ferh/fm_zeynab/0620_L/337_5.dat,femtik_standard,ferh,fm_zeynab,620,L,337.5
469,ferh/fm_zeynab/0620_L/180_0.dat,femtik_standard,ferh,fm_zeynab,620,L,180.0
470,ferh/fm_zeynab/0620_L/270_0.dat,femtik_standard,ferh,fm_zeynab,620,L,270.0
471,ferh/fm_zeynab/0620_L/000_0.dat,femtik_standard,ferh,fm_zeynab,620,L,0.0
472,ferh/fm_zeynab/1600_L/022_5.dat,femtik_standard,ferh,fm_zeynab,1600,L,22.5
473,ferh/fm_zeynab/1600_L/225_0.dat,femtik_standard,ferh,fm_zeynab,1600,L,225.0
474,ferh/fm_zeynab/1600_L/315_0.dat,femtik_standard,ferh,fm_zeynab,1600,L,315.0
475,ferh/fm_zeynab/1600_L/247_5.dat,femtik_standard,ferh,fm_zeynab,1600,L,247.5
476,ferh/fm_zeynab/1600_L/090_0.dat,femtik_standard,ferh,fm_zeynab,1600,L,90.0
477,ferh/fm_zeynab/1600_L/045_0.dat,femtik_standard,ferh,fm_zeynab,1600,L,45.0
478,ferh/fm_zeynab/1600_L/067_5.dat,femtik_standard,ferh,fm_zeynab,1600,L,67.5
479,ferh/fm_zeynab/1600_L/135_0.dat,femtik_standard,ferh,fm_zeynab,1600,L,135.0
480,ferh/fm_zeynab/1600_L/157_5.dat,femtik_standard,ferh,fm_zeynab,1600,L,157.5
481,ferh/fm_zeynab/1600_L/112_5.dat,femtik_standard,ferh,fm_zeynab,1600,L,112.5
482,ferh/fm_zeynab/1600_L/292_5.dat,femtik_standard,ferh,fm_zeynab,1600,L,292.5
483,ferh/fm_zeynab/1600_L/202_5.dat,femtik_standard,ferh,fm_zeynab,1600,L,202.5
484,ferh/fm_zeynab/1600_L/337_5.dat,femtik_standard,ferh,fm_zeynab,1600,L,337.5
485,ferh/fm_zeynab/1600_L/180_0.dat,femtik_standard,ferh,fm_zeynab,1600,L,180.0
486,ferh/fm_zeynab/1600_L/270_0.dat,femtik_standard,ferh,fm_zeynab,1600,L,270.0
487,ferh/fm_zeynab/1600_L/000_0.dat,femtik_standard,ferh,fm_zeynab,1600,L,0.0
488,ferh/fm_zeynab/1400_L/022_5.dat,femtik_standard,ferh,fm_zeynab,1400,L,22.5
489,ferh/fm_zeynab/1400_L/225_0.dat,femtik_standard,ferh,fm_zeynab,1400,L,225.0
490,ferh/fm_zeynab/1400_L/315_0.dat,femtik_standard,ferh,fm_zeynab,1400,L,315.0
491,ferh/fm_zeynab/1400_L/247_5.dat,femtik_standard,ferh,fm_zeynab,1400,L,247.5
492,ferh/fm_zeynab/1400_L/090_0.dat,femtik_standard,ferh,fm_zeynab,1400,L,90.0
493,ferh/fm_zeynab/1400_L/045_0.dat,femtik_standard,ferh,fm_zeynab,1400,L,45.0
494,ferh/fm_zeynab/1400_L/067_5.dat,femtik_standard,ferh,fm_zeynab,1400,L,67.5
495,ferh/fm_zeynab/1400_L/135_0.dat,femtik_standard,ferh,fm_zeynab,1400,L,135.0
496,ferh/fm_zeynab/1400_L/157_5.dat,femtik_standard,ferh,fm_zeynab,1400,L,157.5
497,ferh/fm_zeynab/1400_L/112_5.dat,femtik_standard,ferh,fm_zeynab,1400,L,112.5
498,ferh/fm_zeynab/1400_L/292_5.dat,femtik_standard,ferh,fm_zeynab,1400,L,292.5
499,ferh/fm_zeynab/1400_L/202_5.dat,femtik_standard,ferh,fm_zeynab,1400,L,202.5
500,ferh/fm_zeynab/1400_L/337_5.dat,femtik_standard,ferh,fm_zeynab,1400,L,337.5
501,ferh/fm_zeynab/1400_L/180_0.dat,femtik_standard,ferh,fm_zeynab,1400,L,180.0
502,ferh/fm_zeynab/1400_L/270_0.dat,femtik_standard,ferh,fm_zeynab,1400,L,270.0
503,ferh/fm_zeynab/1400_L/000_0.dat,femtik_standard,ferh,fm_zeynab,1400,L,0.0
504,ferh/fm_zeynab/0460_L/022_5.dat,femtik_standard,ferh,fm_zeynab,460,L,22.5
505,ferh/fm_zeynab/0460_L/225_0.dat,femtik_standard,ferh,fm_zeynab,460,L,225.0
506,ferh/fm_zeynab/0460_L/315_0.dat,femtik_standard,ferh,fm_zeynab,460,L,315.0
507,ferh/fm_zeynab/0460_L/247_5.dat,femtik_standard,ferh,fm_zeynab,460,L,247.5
508,ferh/fm_zeynab/0460_L/090_0.dat,femtik_standard,ferh,fm_zeynab,460,L,90.0
509,ferh/fm_zeynab/0460_L/045_0.dat,femtik_standard,ferh,fm_zeynab,460,L,45.0
510,ferh/fm_zeynab/0460_L/067_5.dat,femtik_standard,ferh,fm_zeynab,460,L,67.5
511,ferh/fm_zeynab/0460_L/135_0.dat,femtik_standard,ferh,fm_zeynab,460,L,135.0
512,ferh/fm_zeynab/0460_L/157_5.dat,femtik_standard,ferh,fm_zeynab,460,L,157.5
513,ferh/fm_zeynab/0460_L/112_5.dat,femtik_standard,ferh,fm_zeynab,460,L,112.5
514,ferh/fm_zeynab/0460_L/292_5.dat,femtik_standard,ferh,fm_zeynab,460,L,292.5
515,ferh/fm_zeynab/0460_L/202_5.dat,femtik_standard,ferh,fm_zeynab,460,L,202.5
516,ferh/fm_zeynab/0460_L/337_5.dat,femtik_standard,ferh,fm_zeynab,460,L,337.5
517,ferh/fm_zeynab/0460_L/180_0.dat,femtik_standard,ferh,fm_zeynab,460,L,180.0
518,ferh/fm_zeynab/0460_L/270_0.dat,femtik_standard,ferh,fm_zeynab,460,L,270.0
519,ferh/fm_zeynab/0460_L/000_0.dat,femtik_standard,ferh,fm_zeynab,460,L,0.0
520,ferh/fm_zeynab/1050_L/022_5.dat,femtik_standard,ferh,fm_zeynab,1050,L,22.5
521,ferh/fm_zeynab/1050_L/225_0.dat,femtik_standard,ferh,fm_zeynab,1050,L,225.0
522,ferh/fm_zeynab/1050_L/315_0.dat,femtik_standard,ferh,fm_zeynab,1050,L,315.0
523,ferh/fm_zeynab/1050_L/247_5.dat,femtik_standard,ferh,fm_zeynab,1050,L,247.5
524,ferh/fm_zeynab/1050_L/090_0.dat,femtik_standard,ferh,fm_zeynab,1050,L,90.0
525,ferh/fm_zeynab/1050_L/045_0.dat,femtik_standard,ferh,fm_zeynab,1050,L,45.0
526,ferh/fm_zeynab/1050_L/067_5.dat,femtik_standard,ferh,fm_zeynab,1050,L,67.5
527,ferh/fm_zeynab/1050_L/135_0.dat,femtik_standard,ferh,fm_zeynab,1050,L,135.0
528,ferh/fm_zeynab/1050_L/157_5.dat,femtik_standard,ferh,fm_zeynab,1050,L,157.5
529,ferh/fm_zeynab/1050_L/112_5.dat,femtik_standard,ferh,fm_zeynab,1050,L,112.5
530,ferh/fm_zeynab/1050_L/292_5.dat,femtik_standard,ferh,fm_zeynab,1050,L,292.5
531,ferh/fm_zeynab/1050_L/202_5.dat,femtik_standard,ferh,fm_zeynab,1050,L,202.5
532,ferh/fm_zeynab/1050_L/337_5.dat,femtik_standard,ferh,fm_zeynab,1050,L,337.5
533,ferh/fm_zeynab/1050_L/180_0.dat,femtik_standard,ferh,fm_zeynab,1050,L,180.0
534,ferh/fm_zeynab/1050_L/270_0.dat,femtik_standard,ferh,fm_zeynab,1050,L,270.0
535,ferh/fm_zeynab/1050_L/000_0.dat,femtik_standard,ferh,fm_zeynab,1050,L,0.0
536,ferh/fm_zeynab/1050_H/022_5.dat,femtik_standard,ferh,fm_zeynab,1050,H,22.5
537,ferh/fm_zeynab/1050_H/225_0.dat,femtik_standard,ferh,fm_zeynab,1050,H,225.0
538,ferh/fm_zeynab/1050_H/315_0.dat,femtik_standard,ferh,fm_zeynab,1050,H,315.0
539,ferh/fm_zeynab/1050_H/247_5.dat,femtik_standard,ferh,fm_zeynab,1050,H,247.5
540,ferh/fm_zeynab/1050_H/090_0.dat,femtik_standard,ferh,fm_zeynab,1050,H,90.0
541,ferh/fm_zeynab/1050_H/045_0.dat,femtik_standard,ferh,fm_zeynab,1050,H,45.0
542,ferh/fm_zeynab/1050_H/067_5.dat,femtik_standard,ferh,fm_zeynab,1050,H,67.5
543,ferh/fm_zeynab/1050_H/135_0.dat,femtik_standard,ferh,fm_zeynab,1050,H,135.0
544,ferh/fm_zeynab/1050_H/157_5.dat,femtik_standard,ferh,fm_zeynab,1050,H,157.5
545,ferh/fm_zeynab/1050_H/112_5.dat,femtik_standard,ferh,fm_zeynab,1050,H,112.5
546,ferh/fm_zeynab/1050_H/292_5.dat,femtik_standard,ferh,fm_zeynab,1050,H,292.5
547,ferh/fm_zeynab/1050_H/202_5.dat,femtik_standard,ferh,fm_zeynab,1050,H,202.5
548,ferh/fm_zeynab/1050_H/337_5.dat,femtik_standard,ferh,fm_zeynab,1050,H,337.5
549,ferh/fm_zeynab/1050_H/180_0.dat,femtik_standard,ferh,fm_zeynab,1050,H,180.0
550,ferh/fm_zeynab/1050_H/270_0.dat,femtik_standard,ferh,fm_zeynab,1050,H,270.0
551,ferh/fm_zeynab/1050_H/000_0.dat,femtik_standard,ferh,fm_zeynab,1050,H,0.0
552,ferh/fm_zeynab/1600_H/022_5.dat,femtik_standard,ferh,fm_zeynab,1600,H,22.5
553,ferh/fm_zeynab/1600_H/225_0.dat,femtik_standard,ferh,fm_zeynab,1600,H,225.0
554,ferh/fm_zeynab/1600_H/315_0.dat,femtik_standard,ferh,fm_zeynab,1600,H,315.0
555,ferh/fm_zeynab/1600_H/247_5.dat,femtik_standard,ferh,fm_zeynab,1600,H,247.5
556,ferh/fm_zeynab/1600_H/090_0.dat,femtik_standard,ferh,fm_zeynab,1600,H,90.0
557,ferh/fm_zeynab/1600_H/045_0.dat,femtik_standard,ferh,fm_zeynab,1600,H,45.0
558,ferh/fm_zeynab/1600_H/067_5.dat,femtik_standard,ferh,fm_zeynab,1600,H,67.5
559,ferh/fm_zeynab/1600_H/135_0.dat,femtik_standard,ferh,fm_zeynab,1600,H,135.0
560,ferh/fm_zeynab/1600_H/157_5.dat,femtik_standard,ferh,fm_zeynab,1600,H,157.5
561,ferh/fm_zeynab/1600_H/112_5.dat,femtik_standard,ferh,fm_zeynab,1600,H,112.5
562,ferh/fm_zeynab/1600_H/292_5.dat,femtik_standard,ferh,fm_zeynab,1600,H,292.5
563,ferh/fm_zeynab/1600_H/202_5.dat,femtik_standard,ferh,fm_zeynab,1600,H,202.5
564,ferh/fm_zeynab/1600_H/337_5.dat,femtik_standard,ferh,fm_zeynab,1600,H,337.5
565,ferh/fm_zeynab/1600_H/180_0.dat,femtik_standard,ferh,fm_zeynab,1600,H,180.0
566,ferh/fm_zeynab/1600_H/270_0.dat,femtik_standard,ferh,fm_zeynab,1600,H,270.0
567,ferh/fm_zeynab/1600_H/000_0.dat,femtik_standard,ferh,fm_zeynab,1600,H,0.0
568,ferh/fm_zeynab/0710_L/022_5.dat,femtik_standard,ferh,fm_zeynab,710,L,22.5
569,ferh/fm_zeynab/0710_L/225_0.dat,femtik_standard,ferh,fm_zeynab,710,L,225.0
570,ferh/fm_zeynab/0710_L/315_0.dat,femtik_standard,ferh,fm_zeynab,710,L,315.0
571,ferh/fm_zeynab/0710_L/247_5.dat,femtik_standard,ferh,fm_zeynab,710,L,247.5
572,ferh/fm_zeynab/0710_L/090_0.dat,femtik_standard,ferh,fm_zeynab,710,L,90.0
573,ferh/fm_zeynab/0710_L/045_0.dat,femtik_standard,ferh,fm_zeynab,710,L,45.0
574,ferh/fm_zeynab/0710_L/067_5.dat,femtik_standard,ferh,fm_zeynab,710,L,67.5
575,ferh/fm_zeynab/0710_L/135_0.dat,femtik_standard,ferh,fm_zeynab,710,L,135.0
576,ferh/fm_zeynab/0710_L/157_5.dat,femtik_standard,ferh,fm_zeynab,710,L,157.5
577,ferh/fm_zeynab/0710_L/112_5.dat,femtik_standard,ferh,fm_zeynab,710,L,112.5
578,ferh/fm_zeynab/0710_L/292_5.dat,femtik_standard,ferh,fm_zeynab,710,L,292.5
579,ferh/fm_zeynab/0710_L/202_5.dat,femtik_standard,ferh,fm_zeynab,710,L,202.5
580,ferh/fm_zeynab/0710_L/337_5.dat,femtik_standard,ferh,fm_zeynab,710,L,337.5
581,ferh/fm_zeynab/0710_L/180_0.dat,femtik_standard,ferh,fm_zeynab,710,L,180.0
582,ferh/fm_zeynab/0710_L/270_0.dat,femtik_standard,ferh,fm_zeynab,710,L,270.0
583,ferh/fm_zeynab/0710_L/000_0.dat,femtik_standard,ferh,fm_zeynab,710,L,0.0
584,ferh/fm_zeynab/0810_L/022_5.dat,femtik_standard,ferh,fm_zeynab,810,L,22.5
585,ferh/fm_zeynab/0810_L/225_0.dat,femtik_standard,ferh,fm_zeynab,810,L,225.0
586,ferh/fm_zeynab/0810_L/315_0.dat,femtik_standard,ferh,fm_zeynab,810,L,315.0
587,ferh/fm_zeynab/0810_L/247_5.dat,femtik_standard,ferh,fm_zeynab,810,L,247.5
588,ferh/fm_zeynab/0810_L/090_0.dat,femtik_standard,ferh,fm_zeynab,810,L,90.0
589,ferh/fm_zeynab/0810_L/045_0.dat,femtik_standard,ferh,fm_zeynab,810,L,45.0
590,ferh/fm_zeynab/0810_L/067_5.dat,femtik_standard,ferh,fm_zeynab,810,L,67.5
591,ferh/fm_zeynab/0810_L/135_0.dat,femtik_standard,ferh,fm_zeynab,810,L,135.0
592,ferh/fm_zeynab/0810_L/157_5.dat,femtik_standard,ferh,fm_zeynab,810,L,157.5
593,ferh/fm_zeynab/0810_L/112_5.dat,femtik_standard,ferh,fm_zeynab,810,L,112.5
594,ferh/fm_zeynab/0810_L/292_5.dat,femtik_standard,ferh,fm_zeynab,810,L,292.5
595,ferh/fm_zeynab/0810_L/202_5.dat,femtik_standard,ferh,fm_zeynab,810,L,202.5
596,ferh/fm_zeynab/0810_L/337_5.dat,femtik_standard,ferh,fm_zeynab,810,L,337.5
597,ferh/fm_zeynab/0810_L/180_0.dat,femtik_standard,ferh,fm_zeynab,810,L,180.0
598,ferh/fm_zeynab/0810_L/270_0.dat,femtik_standard,ferh,fm_zeynab,810,L,270.0
599,ferh/fm_zeynab/0810_L/000_0.dat,femtik_standard,ferh,fm_zeynab,810,L,0.0
600,ferh/fm_zeynab/0710_H/022_5.dat,femtik_standard,ferh,fm_zeynab,710,H,22.5
601,ferh/fm_zeynab/0710_H/225_0.dat,femtik_standard,ferh,fm_zeynab,710,H,225.0
602,ferh/fm_zeynab/0710_H/315_0.dat,femtik_standard,ferh,fm_zeynab,710,H,315.0
603,ferh/fm_zeynab/0710_H/247_5.dat,femtik_standard,ferh,fm_zeynab,710,H,247.5
604,ferh/fm_zeynab/0710_H/090_0.dat,femtik_standard,ferh,fm_zeynab,710,H,90.0
605,ferh/fm_zeynab/0710_H/045_0.dat,femtik_standard,ferh,fm_zeynab,710,H,45.0
606,ferh/fm_zeynab/0710_H/067_5.dat,femtik_standard,ferh,fm_zeynab,710,H,67.5
607,ferh/fm_zeynab/0710_H/135_0.dat,femtik_standard,ferh,fm_zeynab,710,H,135.0
608,ferh/fm_zeynab/0710_H/157_5.dat,femtik_standard,ferh,fm_zeynab,710,H,157.5
609,ferh/fm_zeynab/0710_H/112_5.dat,femtik_standard,ferh,fm_zeynab,710,H,112.5
610,ferh/fm_zeynab/0710_H/292_5.dat,femtik_standard,ferh,fm_zeynab,710,H,292.5
611,ferh/fm_zeynab/0710_H/202_5.dat,femtik_standard,ferh,fm_zeynab,710,H,202.5
612,ferh/fm_zeynab/0710_H/337_5.dat,femtik_standard,ferh,fm_zeynab,710,H,337.5
613,ferh/fm_zeynab/0710_H/180_0.dat,femtik_standard,ferh,fm_zeynab,710,H,180.0
614,ferh/fm_zeynab/0710_H/270_0.dat,femtik_standard,ferh,fm_zeynab,710,H,270.0
615,ferh/fm_zeynab/0710_H/000_0.dat,femtik_standard,ferh,fm_zeynab,710,H,0.0
616,ferh/fm_zeynab/0530_L/022_5.dat,femtik_standard,ferh,fm_zeynab,530,L,22.5
617,ferh/fm_zeynab/0530_L/225_0.dat,femtik_standard,ferh,fm_zeynab,530,L,225.0
618,ferh/fm_zeynab/0530_L/315_0.dat,femtik_standard,ferh,fm_zeynab,530,L,315.0
619,ferh/fm_zeynab/0530_L/247_5.dat,femtik_standard,ferh,fm_zeynab,530,L,247.5
620,ferh/fm_zeynab/0530_L/090_0.dat,femtik_standard,ferh,fm_zeynab,530,L,90.0
621,ferh/fm_zeynab/0530_L/045_0.dat,femtik_standard,ferh,fm_zeynab,530,L,45.0
622,ferh/fm_zeynab/0530_L/067_5.dat,femtik_standard,ferh,fm_zeynab,530,L,67.5
623,ferh/fm_zeynab/0530_L/135_0.dat,femtik_standard,ferh,fm_zeynab,530,L,135.0
624,ferh/fm_zeynab/0530_L/157_5.dat,femtik_standard,ferh,fm_zeynab,530,L,157.5
625,ferh/fm_zeynab/0530_L/112_5.dat,femtik_standard,ferh,fm_zeynab,530,L,112.5
626,ferh/fm_zeynab/0530_L/292_5.dat,femtik_standard,ferh,fm_zeynab,530,L,292.5
627,ferh/fm_zeynab/0530_L/202_5.dat,femtik_standard,ferh,fm_zeynab,530,L,202.5
628,ferh/fm_zeynab/0530_L/337_5.dat,femtik_standard,ferh,fm_zeynab,530,L,337.5
629,ferh/fm_zeynab/0530_L/180_0.dat,femtik_standard,ferh,fm_zeynab,530,L,180.0
630,ferh/fm_zeynab/0530_L/270_0.dat,femtik_standard,ferh,fm_zeynab,530,L,270.0
631,ferh/fm_zeynab/0530_L/000_0.dat,femtik_standard,ferh,fm_zeynab,530,L,0.0
632,ferh/fm_zeynab/1600_HR/022_5.dat,femtik_standard,ferh,fm_zeynab,1600,HR,22.5
633,ferh/fm_zeynab/1600_HR/225_0.dat,femtik_standard,ferh,fm_zeynab,1600,HR,225.0
634,ferh/fm_zeynab/1600_HR/315_0.dat,femtik_standard,ferh,fm_zeynab,1600,HR,315.0
635,ferh/fm_zeynab/1600_HR/247_5.dat,femtik_standard,ferh,fm_zeynab,1600,HR,247.5
636,ferh/fm_zeynab/1600_HR/090_0.dat,femtik_standard,ferh,fm_zeynab,1600,HR,90.0
637,ferh/fm_zeynab/1600_HR/045_0.dat,femtik_standard,ferh,fm_zeynab,1600,HR,45.0
638,ferh/fm_zeynab/1600_HR/067_5.dat,femtik_standard,ferh,fm_zeynab,1600,HR,67.5
639,ferh/fm_zeynab/1600_HR/135_0.dat,femtik_standard,ferh,fm_zeynab,1600,HR,135.0
640,ferh/fm_zeynab/1600_HR/157_5.dat,femtik_standard,ferh,fm_zeynab,1600,HR,157.5
641,ferh/fm_zeynab/1600_HR/112_5.dat,femtik_standard,ferh,fm_zeynab,1600,HR,112.5
642,ferh/fm_zeynab/1600_HR/292_5.dat,femtik_standard,ferh,fm_zeynab,1600,HR,292.5
643,ferh/fm_zeynab/1600_HR/202_5.dat,femtik_standard,ferh,fm_zeynab,1600,HR,202.5
644,ferh/fm_zeynab/1600_HR/337_5.dat,femtik_standard,ferh,fm_zeynab,1600,HR,337.5
645,ferh/fm_zeynab/1600_HR/180_0.dat,femtik_standard,ferh,fm_zeynab,1600,HR,180.0
646,ferh/fm_zeynab/1600_HR/270_0.dat,femtik_standard,ferh,fm_zeynab,1600,HR,270.0
647,ferh/fm_zeynab/1600_HR/000_0.dat,femtik_standard,ferh,fm_zeynab,1600,HR,0.0
648,ferh/fm_zeynab/1600_LR/022_5.dat,femtik_standard,ferh,fm_zeynab,1600,LR,22.5
649,ferh/fm_zeynab/1600_LR/225_0.dat,femtik_standard,ferh,fm_zeynab,1600,LR,225.0
650,ferh/fm_zeynab/1600_LR/315_0.dat,femtik_standard,ferh,fm_zeynab,1600,LR,315.0
651,ferh/fm_zeynab/1600_LR/247_5.dat,femtik_standard,ferh,fm_zeynab,1600,LR,247.5
652,ferh/fm_zeynab/1600_LR/090_0.dat,femtik_standard,ferh,fm_zeynab,1600,LR,90.0
653,ferh/fm_zeynab/1600_LR/045_0.dat,femtik_standard,ferh,fm_zeynab,1600,LR,45.0
654,ferh/fm_zeynab/1600_LR/067_5.dat,femtik_standard,ferh,fm_zeynab,1600,LR,67.5
655,ferh/fm_zeynab/1600_LR/135_0.dat,femtik_standard,ferh,fm_zeynab,1600,LR,135.0
656,ferh/fm_zeynab/1600_LR/157_5.dat,femtik_standard,ferh,fm_zeynab,1600,LR,157.5
657,ferh/fm_zeynab/1600_LR/112_5.dat,femtik_standard,ferh,fm_zeynab,1600,LR,112.5
658,ferh/fm_zeynab/1600_LR/292_5.dat,femtik_standard,ferh,fm_zeynab,1600,LR,292.5
659,ferh/fm_zeynab/1600_LR/202_5.dat,femtik_standard,ferh,fm_zeynab,1600,LR,202.5
660,ferh/fm_zeynab/1600_LR/337_5.dat,femtik_standard,ferh,fm_zeynab,1600,LR,337.5
661,ferh/fm_zeynab/1600_LR/180_0.dat,femtik_standard,ferh,fm_zeynab,1600,LR,180.0
662,ferh/fm_zeynab/1600_LR/270_0.dat,femtik_standard,ferh,fm_zeynab,1600,LR,270.0
663,ferh/fm_zeynab/1600_LR/000_0.dat,femtik_standard,ferh,fm_zeynab,1600,LR,0.0
664,ferh/fm_zeynab/0920_L/022_5.dat,femtik_standard,ferh,fm_zeynab,920,L,22.5
665,ferh/fm_zeynab/0920_L/225_0.dat,femtik_standard,ferh,fm_zeynab,920,L,225.0
666,ferh/fm_zeynab/0920_L/315_0.dat,femtik_standard,ferh,fm_zeynab,920,L,315.0
667,ferh/fm_zeynab/0920_L/247_5.dat,femtik_standard,ferh,fm_zeynab,920,L,247.5
668,ferh/fm_zeynab/0920_L/090_0.dat,femtik_standard,ferh,fm_zeynab,920,L,90.0
669,ferh/fm_zeynab/0920_L/045_0.dat,femtik_standard,ferh,fm_zeynab,920,L,45.0
670,ferh/fm_zeynab/0920_L/067_5.dat,femtik_standard,ferh,fm_zeynab,920,L,67.5
671,ferh/fm_zeynab/0920_L/135_0.dat,femtik_standard,ferh,fm_zeynab,920,L,135.0
672,ferh/fm_zeynab/0920_L/157_5.dat,femtik_standard,ferh,fm_zeynab,920,L,157.5
673,ferh/fm_zeynab/0920_L/112_5.dat,femtik_standard,ferh,fm_zeynab,920,L,112.5
674,ferh/fm_zeynab/0920_L/292_5.dat,femtik_standard,ferh,fm_zeynab,920,L,292.5
675,ferh/fm_zeynab/0920_L/202_5.dat,femtik_standard,ferh,fm_zeynab,920,L,202.5
676,ferh/fm_zeynab/0920_L/337_5.dat,femtik_standard,ferh,fm_zeynab,920,L,337.5
677,ferh/fm_zeynab/0920_L/180_0.dat,femtik_standard,ferh,fm_zeynab,920,L,180.0
678,ferh/fm_zeynab/0920_L/270_0.dat,femtik_standard,ferh,fm_zeynab,920,L,270.0
679,ferh/fm_zeynab/0920_L/000_0.dat,femtik_standard,ferh,fm_zeynab,920,L,0.0
680,ferh/fm_zeynab/1200_L/022_5.dat,femtik_standard,ferh,fm_zeynab,1200,L,22.5
681,ferh/fm_zeynab/1200_L/225_0.dat,femtik_standard,ferh,fm_zeynab,1200,L,225.0
682,ferh/fm_zeynab/1200_L/315_0.dat,femtik_standard,ferh,fm_zeynab,1200,L,315.0
683,ferh/fm_zeynab/1200_L/247_5.dat,femtik_standard,ferh,fm_zeynab,1200,L,247.5
684,ferh/fm_zeynab/1200_L/090_0.dat,femtik_standard,ferh,fm_zeynab,1200,L,90.0
685,ferh/fm_zeynab/1200_L/045_0.dat,femtik_standard,ferh,fm_zeynab,1200,L,45.0
686,ferh/fm_zeynab/1200_L/067_5.dat,femtik_standard,ferh,fm_zeynab,1200,L,67.5
687,ferh/fm_zeynab/1200_L/135_0.dat,femtik_standard,ferh,fm_zeynab,1200,L,135.0
688,ferh/fm_zeynab/1200_L/157_5.dat,femtik_standard,ferh,fm_zeynab,1200,L,157.5
689,ferh/fm_zeynab/1200_L/112_5.dat,femtik_standard,ferh,fm_zeynab,1200,L,112.5
690,ferh/fm_zeynab/1200_L/292_5.dat,femtik_standard,ferh,fm_zeynab,1200,L,292.5
691,ferh/fm_zeynab/1200_L/202_5.dat,femtik_standard,ferh,fm_zeynab,1200,L,202.5
692,ferh/fm_zeynab/1200_L/337_5.dat,femtik_standard,ferh,fm_zeynab,1200,L,337.5
693,ferh/fm_zeynab/1200_L/180_0.dat,femtik_standard,ferh,fm_zeynab,1200,L,180.0
694,ferh/fm_zeynab/1200_L/270_0.dat,femtik_standard,ferh,fm_zeynab,1200,L,270.0
695,ferh/fm_zeynab/1200_L/000_0.dat,femtik_standard,ferh,fm_zeynab,1200,L,0.0
696,ferh/fm_mirrors/1500/150_0.dat,femtik_standard,ferh,fm_mirrors,1500,,150.0
697,ferh/fm_mirrors/1500/070_0.dat,femtik_standard,ferh,fm_mirrors,1500,,70.0
698,ferh/fm_mirrors/1500/010_0.dat,femtik_standard,ferh,fm_mirrors,1500,,10.0
699,ferh/fm_mirrors/1500/050_0.dat,femtik_standard,ferh,fm_mirrors,1500,,50.0
700,ferh/fm_mirrors/1500/090_0.dat,femtik_standard,ferh,fm_mirrors,1500,,90.0
701,ferh/fm_mirrors/1500/140_0.dat,femtik_standard,ferh,fm_mirrors,1500,,140.0
702,ferh/fm_mirrors/1500/080_0.dat,femtik_standard,ferh,fm_mirrors,1500,,80.0
703,ferh/fm_mirrors/1500/170_0.dat,femtik_standard,ferh,fm_mirrors,1500,,170.0
704,ferh/fm_mirrors/1500/060_0.dat,femtik_standard,ferh,fm_mirrors,1500,,60.0
705,ferh/fm_mirrors/1500/160_0.dat,femtik_standard,ferh,fm_mirrors,1500,,160.0
706,ferh/fm_mirrors/1500/120_0.dat,femtik_standard,ferh,fm_mirrors,1500,,120.0
707,ferh/fm_mirrors/1500/100_0.dat,femtik_standard,ferh,fm_mirrors,1500,,100.0
708,ferh/fm_mirrors/1500/020_0.dat,femtik_standard,ferh,fm_mirrors,1500,,20.0
709,ferh/fm_mirrors/1500/030_0.dat,femtik_standard,ferh,fm_mirrors,1500,,30.0
710,ferh/fm_mirrors/1500/040_0.dat,femtik_standard,ferh,fm_mirrors,1500,,40.0
711,ferh/fm_mirrors/1500/180_0.dat,femtik_standard,ferh,fm_mirrors,1500,,180.0
712,ferh/fm_mirrors/1500/130_0.dat,femtik_standard,ferh,fm_mirrors,1500,,130.0
713,ferh/fm_mirrors/1500/000_0.dat,femtik_standard,ferh,fm_mirrors,1500,,0.0
714,ferh/fm_mirrors/1500/110_0.dat,femtik_standard,ferh,fm_mirrors,1500,,110.0
715,ferh/fm_mirrors/1152/150_0.dat,femtik_standard,ferh,fm_mirrors,1152,,150.0
716,ferh/fm_mirrors/1152/070_0.dat,femtik_standard,ferh,fm_mirrors,1152,,70.0
717,ferh/fm_mirrors/1152/010_0.dat,femtik_standard,ferh,fm_mirrors,1152,,10.0
718,ferh/fm_mirrors/1152/050_0.dat,femtik_standard,ferh,fm_mirrors,1152,,50.0
719,ferh/fm_mirrors/1152/090_0.dat,femtik_standard,ferh,fm_mirrors,1152,,90.0
720,ferh/fm_mirrors/1152/140_0.dat,femtik_standard,ferh,fm_mirrors,1152,,140.0
721,ferh/fm_mirrors/1152/080_0.dat,femtik_standard,ferh,fm_mirrors,1152,,80.0
722,ferh/fm_mirrors/1152/170_0.dat,femtik_standard,ferh,fm_mirrors,1152,,170.0
723,ferh/fm_mirrors/1152/060_0.dat,femtik_standard,ferh,fm_mirrors,1152,,60.0
724,ferh/fm_mirrors/1152/160_0.dat,femtik_standard,ferh,fm_mirrors,1152,,160.0
725,ferh/fm_mirrors/1152/120_0.dat,femtik_standard,ferh,fm_mirrors,1152,,120.0
726,ferh/fm_mirrors/1152/100_0.dat,femtik_standard,ferh,fm_mirrors,1152,,100.0
727,ferh/fm_mirrors/1152/020_0.dat,femtik_standard,ferh,fm_mirrors,1152,,20.0
728,ferh/fm_mirrors/1152/030_0.dat,femtik_standard,ferh,fm_mirrors,1152,,30.0
729,ferh/fm_mirrors/1152/040_0.dat,femtik_standard,ferh,fm_mirrors,1152,,40.0
730,ferh/fm_mirrors/1152/180_0.dat,femtik_standard,ferh,fm_mirrors,1152,,180.0
731,ferh/fm_mirrors/1152/130_0.dat,femtik_standard,ferh,fm_mirrors,1152,,130.0
732,ferh/fm_mirrors/1152/000_0.dat,femtik_standard,ferh,fm_mirrors,1152,,0.0
733,ferh/fm_mirrors/1152/110_0.dat,femtik_standard,ferh,fm_mirrors,1152,,110.0
734,ferh/fm_mirrors/0770/150_0.dat,femtik_standard,ferh,fm_mirrors,770,,150.0
735,ferh/fm_mirrors/0770/070_0.dat,femtik_standard,ferh,fm_mirrors,770,,70.0
736,ferh/fm_mirrors/0770/010_0.dat,femtik_standard,ferh,fm_mirrors,770,,10.0
737,ferh/fm_mirrors/0770/050_0.dat,femtik_standard,ferh,fm_mirrors,770,,50.0
738,ferh/fm_mirrors/0770/090_0.dat,femtik_standard,ferh,fm_mirrors,770,,90.0
739,ferh/fm_mirrors/0770/140_0.dat,femtik_standard,ferh,fm_mirrors,770,,140.0
740,ferh/fm_mirrors/0770/080_0.dat,femtik_standard,ferh,fm_mirrors,770,,80.0
741,ferh/fm_mirrors/0770/170_0.dat,femtik_standard,ferh,fm_mirrors,770,,170.0
742,ferh/fm_mirrors/0770/060_0.dat,femtik_standard,ferh,fm_mirrors,770,,60.0
743,ferh/fm_mirrors/0770/160_0.dat,femtik_standard,ferh,fm_mirrors,770,,160.0
744,ferh/fm_mirrors/0770/120_0.dat,femtik_standard,ferh,fm_mirrors,770,,120.0
745,ferh/fm_mirrors/0770/100_0.dat,femtik_standard,ferh,fm_mirrors,770,,100.0
746,ferh/fm_mirrors/0770/020_0.dat,femtik_standard,ferh,fm_mirrors,770,,20.0
747,ferh/fm_mirrors/0770/030_0.dat,femtik_standard,ferh,fm_mirrors,770,,30.0
748,ferh/fm_mirrors/0770/040_0.dat,femtik_standard,ferh,fm_mirrors,770,,40.0
749,ferh/fm_mirrors/0770/180_0.dat,femtik_standard,ferh,fm_mirrors,770,,180.0
750,ferh/fm_mirrors/0770/130_0.dat,femtik_standard,ferh,fm_mirrors,770,,130.0
751,ferh/fm_mirrors/0770/000_0.dat,femtik_standard,ferh,fm_mirrors,770,,0.0
752,ferh/fm_mirrors/0770/110_0.dat,femtik_standard,ferh,fm_mirrors,770,,110.0
